{"cameraMode":{"drawMode":0,"name":"Shaded","section":"Shading Mode"},"sceneLighting":true,"audioPlay":false,"sceneViewState":{"showFog":true,"showMaterialUpdate":false,"showSkybox":true,"showFlares":true,"showImageEffects":true,"showParticleSystems":true},"in2DMode":false,"pivot":{"x":3.7150416374206545,"y":0.806377649307251,"z":19.168777465820314},"rotation":{"x":0.04913605377078056,"y":0.8166923522949219,"z":-0.07022228091955185,"w":0.5707104802131653},"size":0.9766822457313538,"orthographic":false}